<?xml version="1.0"?>
<doc>
    <assembly>
        <name>Skybrud.Umbraco.TextBox</name>
    </assembly>
    <members>
        <member name="T:Skybrud.Umbraco.TextBox.PropertyEditors.TextAreaConfiguration">
            <summary>
            Represents the configuration for the textarea value editor.
            </summary>
        </member>
        <member name="P:Skybrud.Umbraco.TextBox.PropertyEditors.TextAreaConfiguration.MaxChars">
            <summary>
            Gets or sets the maximum character count allowed in the textarea.
            </summary>
        </member>
        <member name="P:Skybrud.Umbraco.TextBox.PropertyEditors.TextAreaConfiguration.Rows">
            <summary>
            Gets or sets the deault number of rows.
            </summary>
        </member>
        <member name="P:Skybrud.Umbraco.TextBox.PropertyEditors.TextAreaConfiguration.EnforceLimit">
            <summary>
            Gets or sets whether <see cref="P:Skybrud.Umbraco.TextBox.PropertyEditors.TextAreaConfiguration.MaxChars"/> will be encorced.
            </summary>
        </member>
        <member name="P:Skybrud.Umbraco.TextBox.PropertyEditors.TextAreaConfiguration.Placeholder">
            <summary>
            Gets or sets the placeholder text of the textarea.
            </summary>
        </member>
        <member name="P:Skybrud.Umbraco.TextBox.PropertyEditors.TextAreaConfiguration.Fallback">
            <summary>
            Gets or sets the fallback text of the textarea.
            </summary>
        </member>
        <member name="T:Skybrud.Umbraco.TextBox.PropertyEditors.TextAreaConfigurationEditor">
            <summary>
            Represents the configuration editor for the textarea value editor.
            </summary>
        </member>
        <member name="T:Skybrud.Umbraco.TextBox.PropertyEditors.TextAreaDataEditor">
            <summary>
            Represents a textarea property editor.
            </summary>
        </member>
        <member name="M:Skybrud.Umbraco.TextBox.PropertyEditors.TextAreaDataEditor.#ctor(Umbraco.Core.Logging.ILogger)">
            <summary>
            Initializes a new instance of the <see cref="T:Skybrud.Umbraco.TextBox.PropertyEditors.TextAreaDataEditor"/> class.
            </summary>
        </member>
        <member name="M:Skybrud.Umbraco.TextBox.PropertyEditors.TextAreaDataEditor.CreateValueEditor">
            <inheritdoc/>
        </member>
        <member name="M:Skybrud.Umbraco.TextBox.PropertyEditors.TextAreaDataEditor.CreateConfigurationEditor">
            <inheritdoc/>
        </member>
        <member name="T:Skybrud.Umbraco.TextBox.PropertyEditors.TextBoxConfiguration">
            <summary>
            Represents the configuration for the textbox value editor.
            </summary>
        </member>
        <member name="P:Skybrud.Umbraco.TextBox.PropertyEditors.TextBoxConfiguration.MaxChars">
            <summary>
            Gets or sets the maximum character count allowed in the textbox.
            </summary>
        </member>
        <member name="P:Skybrud.Umbraco.TextBox.PropertyEditors.TextBoxConfiguration.EnforceLimit">
            <summary>
            Gets or sets whether <see cref="P:Skybrud.Umbraco.TextBox.PropertyEditors.TextBoxConfiguration.MaxChars"/> will be encorced.
            </summary>
        </member>
        <member name="P:Skybrud.Umbraco.TextBox.PropertyEditors.TextBoxConfiguration.Placeholder">
            <summary>
            Gets or sets the placeholder text of the textarea.
            </summary>
        </member>
        <member name="P:Skybrud.Umbraco.TextBox.PropertyEditors.TextBoxConfiguration.Fallback">
            <summary>
            Gets or sets the fallback text of the textarea.
            </summary>
        </member>
        <member name="T:Skybrud.Umbraco.TextBox.PropertyEditors.TextBoxConfigurationEditor">
            <summary>
            Represents the configuration editor for the textbox value editor.
            </summary>
        </member>
        <member name="T:Skybrud.Umbraco.TextBox.PropertyEditors.TextBoxDataEditor">
            <summary>
            Represents a textbox property editor.
            </summary>
        </member>
        <member name="M:Skybrud.Umbraco.TextBox.PropertyEditors.TextBoxDataEditor.#ctor(Umbraco.Core.Logging.ILogger)">
            <summary>
            Initializes a new instance of the <see cref="T:Skybrud.Umbraco.TextBox.PropertyEditors.TextBoxDataEditor"/> class.
            </summary>
        </member>
        <member name="M:Skybrud.Umbraco.TextBox.PropertyEditors.TextBoxDataEditor.CreateValueEditor">
            <inheritdoc/>
        </member>
        <member name="M:Skybrud.Umbraco.TextBox.PropertyEditors.TextBoxDataEditor.CreateConfigurationEditor">
            <inheritdoc/>
        </member>
        <member name="T:Skybrud.Umbraco.TextBox.TextBoxPackage">
            <summary>
            Static class with various information and constants about the package.
            </summary>
        </member>
        <member name="F:Skybrud.Umbraco.TextBox.TextBoxPackage.Alias">
            <summary>
            Gets the alias of the package.
            </summary>
        </member>
        <member name="F:Skybrud.Umbraco.TextBox.TextBoxPackage.Name">
            <summary>
            Gets the friendly name of the package.
            </summary>
        </member>
        <member name="F:Skybrud.Umbraco.TextBox.TextBoxPackage.Version">
            <summary>
            Gets the version of the package.
            </summary>
        </member>
        <member name="F:Skybrud.Umbraco.TextBox.TextBoxPackage.SemVersion">
            <summary>
            Gets the semantic version of the package.
            </summary>
        </member>
        <member name="M:Skybrud.Umbraco.TextBox.TextBoxPackage.GetCacheBuster">
            <summary>
            Returns the cache busting hash for this package.
            </summary>
            <returns></returns>
        </member>
    </members>
</doc>
